model_name,training_time,prediction_time,hamming_loss,subset_accuracy,jaccard_score,f1_micro,f1_macro,f1_weighted,precision_micro,precision_macro,recall_micro,recall_macro
Dummy-Frequent,0.002306222915649414,0.0007374286651611328,0.03130776699029126,0.0,0.0,0.0,0.0,0.0,0.0,0.0,0.0,0.0
Dummy-Random,2.86102294921875e-06,0.009419918060302734,0.4998859223300971,0.0,0.030328011977058093,0.058723465711890854,0.04947331002629707,0.20623381931306772,0.031201099546874014,0.03121005841608355,0.49806183520947683,0.5030980566490377
Logistic-Regression,8.175087928771973,0.18427801132202148,0.011118446601941747,0.5073,0.7268992943167943,0.7974996905557619,0.4236897648235266,0.7679917471541408,0.9277750349707891,0.7617509323558426,0.6993053617390765,0.3420259560178482
SGD-Classifier,5.720034599304199,0.18174505233764648,0.014554368932038835,0.369,0.6113100364912866,0.7080964249552146,0.2377686731868837,0.6456216279402492,0.9515149929352661,0.5044627937534918,0.5638509008589946,0.18278420046332797
Random-Forest,14.650382041931152,1.8757505416870117,0.021172815533980583,0.1605,0.3838515386002886,0.49607172566780666,0.1117895617590785,0.4201510529977839,0.9732523347538308,0.48490821399540496,0.3328681737836078,0.0780653999883443
Naive-Bayes,22.03262495994568,7.164518117904663,0.019248058252427185,0.1988,0.47153216460459346,0.5767083364470018,0.11108599952011686,0.48222851418616686,0.9256999897186332,0.22393478260596594,0.41881415325456633,0.08601474197400039
Decision-Tree,20.427709341049194,0.21617650985717773,0.015490291262135922,0.36465,0.6454707886557886,0.7339990997149097,0.5131206391282963,0.726328416008953,0.793718900987957,0.5646299291120218,0.6826371445405774,0.47690807025930876
DNN (Our Model),0.0,6.282868385314941,0.009633495145631069,0.60005,0.7996892155067155,0.8414670192284648,0.6276199507562621,0.8357593947606183,0.867875092691769,0.7263076302308814,0.8166186001798617,0.5789830358736662
